"Customer_Key","WWI_Customer_ID","Customer","Bill_To_Customer","Category","Buying_Group","Primary_Contact","Postal_Code","Valid_From","Valid_To","Lineage_Key"
"124","124","株式会社永井商事","Tailspin Toys (Head Office)","Novelty Shop","Tailspin Toys","永井 真奈美","031-1817","2022-01-01 00:00:00.0000000","9999-12-31 23:59:59.9999990","2"
"168","168","株式会社林商事","Tailspin Toys (Head Office)","Novelty Shop","Tailspin Toys","林 陽菜","028-8312","2022-01-01 00:00:00.0000000","9999-12-31 23:59:59.9999990","2"
"195","195","株式会社坂本商事","Tailspin Toys (Head Office)","Novelty Shop","Tailspin Toys","坂本 正人","008-2680","2022-01-01 00:00:00.0000000","9999-12-31 23:59:59.9999990","2"
"113","113","株式会社瀬戸商事","Tailspin Toys (Head Office)","Novelty Shop","Tailspin Toys","瀬戸 弘","020-4256","2022-01-01 00:00:00.0000000","9999-12-31 23:59:59.9999990","2"
"7","7","株式会社山本商事","Tailspin Toys (Head Office)","Novelty Shop","Tailspin Toys","山本 翔太","008-6267","2022-01-01 00:00:00.0000000","9999-12-31 23:59:59.9999990","2"
"65","65","株式会社本田商事","Tailspin Toys (Head Office)","Novelty Shop","Tailspin Toys","本田 実","019-3745","2022-01-01 00:00:00.0000000","9999-12-31 23:59:59.9999990","2"
"170","170","株式会社清水商事","Tailspin Toys (Head Office)","Novelty Shop","Tailspin Toys","清水 莉子","030-4389","2022-01-01 00:00:00.0000000","9999-12-31 23:59:59.9999990","2"
"55","55","株式会社中島商事","Tailspin Toys (Head Office)","Novelty Shop","Tailspin Toys","中島 勝利","009-05191","2022-01-01 00:00:00.0000000","9999-12-31 23:59:59.9999990","2"
"117","117","株式会社田村商事","Tailspin Toys (Head Office)","Novelty Shop","Tailspin Toys","田村 清","024-5217","2022-01-01 00:00:00.0000000","9999-12-31 23:59:59.9999990","2"
"132","132","株式会社花田商事","Tailspin Toys (Head Office)","Novelty Shop","Tailspin Toys","花田 早苗","039-1230","2022-01-01 00:00:00.0000000","9999-12-31 23:59:59.9999990","2"
"163","163","株式会社佐々木商事","Tailspin Toys (Head Office)","Novelty Shop","Tailspin Toys","佐々木 拓也","023-8528","2022-01-01 00:00:00.0000000","9999-12-31 23:59:59.9999990","2"
"176","176","株式会社前田商事","Tailspin Toys (Head Office)","Novelty Shop","Tailspin Toys","前田 真央","036-2079","2022-01-01 00:00:00.0000000","9999-12-31 23:59:59.9999990","2"
"82","82","株式会社飯田商事","Tailspin Toys (Head Office)","Novelty Shop","Tailspin Toys","飯田 理恵","036-5287","2022-01-01 00:00:00.0000000","9999-12-31 23:59:59.9999990","2"
"199","199","株式会社関口商事","Tailspin Toys (Head Office)","Novelty Shop","Tailspin Toys","関口 昭夫","012-03948","2022-01-01 00:00:00.0000000","9999-12-31 23:59:59.9999990","2"
"53","53","株式会社土屋商事","Tailspin Toys (Head Office)","Novelty Shop","Tailspin Toys","土屋 雅之","007-04379","2022-01-01 00:00:00.0000000","9999-12-31 23:59:59.9999990","2"
"67","67","株式会社増田商事","Tailspin Toys (Head Office)","Novelty Shop","Tailspin Toys","増田 英樹","021-9065","2022-01-01 00:00:00.0000000","9999-12-31 23:59:59.9999990","2"
"78","78","株式会社若林商事","Tailspin Toys (Head Office)","Novelty Shop","Tailspin Toys","若林 香織","032-09186","2022-01-01 00:00:00.0000000","9999-12-31 23:59:59.9999990","2"
"129","129","株式会社野口商事","Tailspin Toys (Head Office)","Novelty Shop","Tailspin Toys","野口 良一","036-2877","2022-01-01 00:00:00.0000000","9999-12-31 23:59:59.9999990","2"
"98","98","株式会社川村商事","Tailspin Toys (Head Office)","Novelty Shop","Tailspin Toys","川村 静香","005-3663","2022-01-01 00:00:00.0000000","9999-12-31 23:59:59.9999990","2"
"72","72","株式会社村上商事","Tailspin Toys (Head Office)","Novelty Shop","Tailspin Toys","村上 美保","026-3812","2022-01-01 00:00:00.0000000","9999-12-31 23:59:59.9999990","2"
"97","97","株式会社川口商事","Tailspin Toys (Head Office)","Novelty Shop","Tailspin Toys","川口 豊","004-1633","2022-01-01 00:00:00.0000000","9999-12-31 23:59:59.9999990","2"
"162","162","株式会社山田商事","Tailspin Toys (Head Office)","Novelty Shop","Tailspin Toys","山田 美穂","022-2040","2022-01-01 00:00:00.0000000","9999-12-31 23:59:59.9999990","2"
"142","142","株式会社細川商事","Tailspin Toys (Head Office)","Novelty Shop","Tailspin Toys","細川 京子","002-04316","2022-01-01 00:00:00.0000000","9999-12-31 23:59:59.9999990","2"
"189","189","株式会社神田商事","Tailspin Toys (Head Office)","Novelty Shop","Tailspin Toys","神田 誠","002-6413","2022-01-01 00:00:00.0000000","9999-12-31 23:59:59.9999990","2"
"1","1","株式会社田中商事","Tailspin Toys (Head Office)","Novelty Shop","Tailspin Toys","田中 太郎","002-6287","2022-01-01 00:00:00.0000000","9999-12-31 23:59:59.9999990","2"
"140","140","株式会社藤原商事","Tailspin Toys (Head Office)","Novelty Shop","Tailspin Toys","藤原 美智代","047-700","2022-01-01 00:00:00.0000000","9999-12-31 23:59:59.9999990","2"
"5","5","株式会社渡辺商事","Tailspin Toys (Head Office)","Novelty Shop","Tailspin Toys","渡辺 大輔","006-08505","2022-01-01 00:00:00.0000000","9999-12-31 23:59:59.9999990","2"
"122","122","株式会社富田商事","Tailspin Toys (Head Office)","Novelty Shop","Tailspin Toys","富田 美鈴","029-4026","2022-01-01 00:00:00.0000000","9999-12-31 23:59:59.9999990","2"
"22","22","株式会社池田商事","Tailspin Toys (Head Office)","Novelty Shop","Tailspin Toys","池田 咲","023-1912","2022-01-01 00:00:00.0000000","9999-12-31 23:59:59.9999990","2"
"182","182","株式会社石井商事","Tailspin Toys (Head Office)","Novelty Shop","Tailspin Toys","石井 彩","042-1580","2022-01-01 00:00:00.0000000","9999-12-31 23:59:59.9999990","2"
"33","33","株式会社上田商事","Tailspin Toys (Head Office)","Novelty Shop","Tailspin Toys","上田 直樹","034-1201","2022-01-01 00:00:00.0000000","9999-12-31 23:59:59.9999990","2"
"112","112","株式会社関根商事","Tailspin Toys (Head Office)","Novelty Shop","Tailspin Toys","関根 知子","019-8048","2022-01-01 00:00:00.0000000","9999-12-31 23:59:59.9999990","2"
"169","169","株式会社斎藤商事","Tailspin Toys (Head Office)","Novelty Shop","Tailspin Toys","斎藤 健太","029-8079","2022-01-01 00:00:00.0000000","9999-12-31 23:59:59.9999990","2"
"191","191","株式会社久保商事","Tailspin Toys (Head Office)","Novelty Shop","Tailspin Toys","久保 浩二","004-4753","2022-01-01 00:00:00.0000000","9999-12-31 23:59:59.9999990","2"
"21","21","株式会社森商事","Tailspin Toys (Head Office)","Novelty Shop","Tailspin Toys","森 大樹","022-1391","2022-01-01 00:00:00.0000000","9999-12-31 23:59:59.9999990","2"
"149","149","株式会社松山商事","Tailspin Toys (Head Office)","Novelty Shop","Tailspin Toys","松山 佳奈","009-5349","2022-01-01 00:00:00.0000000","9999-12-31 23:59:59.9999990","2"
"77","77","株式会社米田商事","Tailspin Toys (Head Office)","Novelty Shop","Tailspin Toys","米田 哲也","031-4036","2022-01-01 00:00:00.0000000","9999-12-31 23:59:59.9999990","2"
"136","136","株式会社樋口商事","Tailspin Toys (Head Office)","Novelty Shop","Tailspin Toys","樋口 圭子","043-2861","2022-01-01 00:00:00.0000000","9999-12-31 23:59:59.9999990","2"
"43","43","株式会社小島商事","Tailspin Toys (Head Office)","Novelty Shop","Tailspin Toys","小島 一郎","044-225","2022-01-01 00:00:00.0000000","9999-12-31 23:59:59.9999990","2"
"121","121","株式会社戸田商事","Tailspin Toys (Head Office)","Novelty Shop","Tailspin Toys","戸田 博","028-03822","2022-01-01 00:00:00.0000000","9999-12-31 23:59:59.9999990","2"
"151","151","株式会社田中商事","Tailspin Toys (Head Office)","Novelty Shop","Tailspin Toys","田中 太郎","011-7479","2022-01-01 00:00:00.0000000","9999-12-31 23:59:59.9999990","2"
"99","99","株式会社菊地商事","Tailspin Toys (Head Office)","Novelty Shop","Tailspin Toys","菊地 勉","006-2787","2022-01-01 00:00:00.0000000","9999-12-31 23:59:59.9999990","2"
"24","24","株式会社山崎商事","Tailspin Toys (Head Office)","Novelty Shop","Tailspin Toys","山崎 夏美","025-8098","2022-01-01 00:00:00.0000000","9999-12-31 23:59:59.9999990","2"
"56","56","株式会社中野商事","Tailspin Toys (Head Office)","Novelty Shop","Tailspin Toys","中野 晴美","010-3815","2022-01-01 00:00:00.0000000","9999-12-31 23:59:59.9999990","2"
"104","104","株式会社酒井商事","Tailspin Toys (Head Office)","Novelty Shop","Tailspin Toys","酒井 明美","011-8132","2022-01-01 00:00:00.0000000","9999-12-31 23:59:59.9999990","2"
"16","16","株式会社井上商事","Tailspin Toys (Head Office)","Novelty Shop","Tailspin Toys","井上 優","017-4125","2022-01-01 00:00:00.0000000","9999-12-31 23:59:59.9999990","2"
"85","85","株式会社今井商事","Tailspin Toys (Head Office)","Novelty Shop","Tailspin Toys","今井 宏","039-3586","2022-01-01 00:00:00.0000000","9999-12-31 23:59:59.9999990","2"
"87","87","株式会社上野商事","Tailspin Toys (Head Office)","Novelty Shop","Tailspin Toys","上野 康夫","041-8413","2022-01-01 00:00:00.0000000","9999-12-31 23:59:59.9999990","2"
"116","116","株式会社武田商事","Tailspin Toys (Head Office)","Novelty Shop","Tailspin Toys","武田 美代子","023-2353","2022-01-01 00:00:00.0000000","9999-12-31 23:59:59.9999990","2"
"135","135","株式会社原商事","Tailspin Toys (Head Office)","Novelty Shop","Tailspin Toys","原 修二","042-01814","2022-01-01 00:00:00.0000000","9999-12-31 23:59:59.9999990","2"
"51","51","株式会社竹内商事","Tailspin Toys (Head Office)","Novelty Shop","Tailspin Toys","竹内 健二","005-6790","2022-01-01 00:00:00.0000000","9999-12-31 23:59:59.9999990","2"
"84","84","株式会社市川商事","Tailspin Toys (Head Office)","Novelty Shop","Tailspin Toys","市川 千代子","038-5832","2022-01-01 00:00:00.0000000","9999-12-31 23:59:59.9999990","2"
"193","193","株式会社小島商事","Tailspin Toys (Head Office)","Novelty Shop","Tailspin Toys","小島 一郎","006-3591","2022-01-01 00:00:00.0000000","9999-12-31 23:59:59.9999990","2"
"188","188","株式会社小野商事","Tailspin Toys (Head Office)","Novelty Shop","Tailspin Toys","小野 美智子","001-05094","2022-01-01 00:00:00.0000000","9999-12-31 23:59:59.9999990","2"
"160","160","株式会社加藤商事","Tailspin Toys (Head Office)","Novelty Shop","Tailspin Toys","加藤 さくら","020-2720","2022-01-01 00:00:00.0000000","9999-12-31 23:59:59.9999990","2"
"6","6","株式会社伊藤商事","Tailspin Toys (Head Office)","Novelty Shop","Tailspin Toys","伊藤 愛","007-8121","2022-01-01 00:00:00.0000000","9999-12-31 23:59:59.9999990","2"
"38","38","株式会社小野商事","Tailspin Toys (Head Office)","Novelty Shop","Tailspin Toys","小野 美智子","039-1397","2022-01-01 00:00:00.0000000","9999-12-31 23:59:59.9999990","2"
"192","192","株式会社工藤商事","Tailspin Toys (Head Office)","Novelty Shop","Tailspin Toys","工藤 由美","005-8288","2022-01-01 00:00:00.0000000","9999-12-31 23:59:59.9999990","2"
"177","177","株式会社藤田商事","Tailspin Toys (Head Office)","Novelty Shop","Tailspin Toys","藤田 翼","037-2944","2022-01-01 00:00:00.0000000","9999-12-31 23:59:59.9999990","2"
"11","11","株式会社吉田商事","Tailspin Toys (Head Office)","Novelty Shop","Tailspin Toys","吉田 勇人","012-5335","2022-01-01 00:00:00.0000000","9999-12-31 23:59:59.9999990","2"
"175","175","株式会社石川商事","Tailspin Toys (Head Office)","Novelty Shop","Tailspin Toys","石川 優太","035-8008","2022-01-01 00:00:00.0000000","9999-12-31 23:59:59.9999990","2"
"178","178","株式会社後藤商事","Tailspin Toys (Head Office)","Novelty Shop","Tailspin Toys","後藤 美桜","038-0002518","2022-01-01 00:00:00.0000000","9999-12-31 23:59:59.9999990","2"
"137","137","株式会社平田商事","Tailspin Toys (Head Office)","Novelty Shop","Tailspin Toys","平田 克己","044-3627","2022-01-01 00:00:00.0000000","9999-12-31 23:59:59.9999990","2"
"8","8","株式会社中村商事","Tailspin Toys (Head Office)","Novelty Shop","Tailspin Toys","中村 結衣","009-9547","2022-01-01 00:00:00.0000000","9999-12-31 23:59:59.9999990","2"
"127","127","株式会社西田商事","Tailspin Toys (Head Office)","Novelty Shop","Tailspin Toys","西田 清志","034-9926","2022-01-01 00:00:00.0000000","9999-12-31 23:59:59.9999990","2"
"118","118","株式会社千葉商事","Tailspin Toys (Head Office)","Novelty Shop","Tailspin Toys","千葉 佳子","025-4583","2022-01-01 00:00:00.0000000","9999-12-31 23:59:59.9999990","2"
"59","59","株式会社野村商事","Tailspin Toys (Head Office)","Novelty Shop","Tailspin Toys","野村 茂","013-4326","2022-01-01 00:00:00.0000000","9999-12-31 23:59:59.9999990","2"
"12","12","株式会社山田商事","Tailspin Toys (Head Office)","Novelty Shop","Tailspin Toys","山田 美穂","013-9150","2022-01-01 00:00:00.0000000","9999-12-31 23:59:59.9999990","2"
"130","130","株式会社野田商事","Tailspin Toys (Head Office)","Novelty Shop","Tailspin Toys","野田 則子","037-2820","2022-01-01 00:00:00.0000000","9999-12-31 23:59:59.9999990","2"
"63","63","株式会社福田商事","Tailspin Toys (Head Office)","Novelty Shop","Tailspin Toys","福田 正男","017-02576","2022-01-01 00:00:00.0000000","9999-12-31 23:59:59.9999990","2"
"80","80","株式会社秋山商事","Tailspin Toys (Head Office)","Novelty Shop","Tailspin Toys","秋山 美紀","034-6059","2022-01-01 00:00:00.0000000","9999-12-31 23:59:59.9999990","2"
"18","18","株式会社林商事","Tailspin Toys (Head Office)","Novelty Shop","Tailspin Toys","林 陽菜","019-7959","2022-01-01 00:00:00.0000000","9999-12-31 23:59:59.9999990","2"
"167","167","株式会社木村商事","Tailspin Toys (Head Office)","Novelty Shop","Tailspin Toys","木村 颯太","027-6695","2022-01-01 00:00:00.0000000","9999-12-31 23:59:59.9999990","2"
"106","106","株式会社笹原商事","Tailspin Toys (Head Office)","Novelty Shop","Tailspin Toys","笹原 智恵","013-1760","2022-01-01 00:00:00.0000000","9999-12-31 23:59:59.9999990","2"
"47","47","株式会社柴田商事","Tailspin Toys (Head Office)","Novelty Shop","Tailspin Toys","柴田 達也","001-1492","2022-01-01 00:00:00.0000000","9999-12-31 23:59:59.9999990","2"
"3","3","株式会社佐藤商事","Tailspin Toys (Head Office)","Novelty Shop","Tailspin Toys","佐藤 健","004-5060","2022-01-01 00:00:00.0000000","9999-12-31 23:59:59.9999990","2"
"26","26","株式会社前田商事","Tailspin Toys (Head Office)","Novelty Shop","Tailspin Toys","前田 真央","027-3286","2022-01-01 00:00:00.0000000","9999-12-31 23:59:59.9999990","2"
"181","181","株式会社阿部商事","Tailspin Toys (Head Office)","Novelty Shop","Tailspin Toys","阿部 雄大","041-9438","2022-01-01 00:00:00.0000000","9999-12-31 23:59:59.9999990","2"
"153","153","株式会社佐藤商事","Tailspin Toys (Head Office)","Novelty Shop","Tailspin Toys","佐藤 健","013-7610","2022-01-01 00:00:00.0000000","9999-12-31 23:59:59.9999990","2"
"68","68","株式会社松田商事","Tailspin Toys (Head Office)","Novelty Shop","Tailspin Toys","松田 和美","022-471","2022-01-01 00:00:00.0000000","9999-12-31 23:59:59.9999990","2"
"108","108","株式会社芝田商事","Tailspin Toys (Head Office)","Novelty Shop","Tailspin Toys","芝田 久子","015-2904","2022-01-01 00:00:00.0000000","9999-12-31 23:59:59.9999990","2"
"156","156","株式会社伊藤商事","Tailspin Toys (Head Office)","Novelty Shop","Tailspin Toys","伊藤 愛","016-8148","2022-01-01 00:00:00.0000000","9999-12-31 23:59:59.9999990","2"
"46","46","株式会社佐野商事","Tailspin Toys (Head Office)","Novelty Shop","Tailspin Toys","佐野 千春","047-5349","2022-01-01 00:00:00.0000000","9999-12-31 23:59:59.9999990","2"
"90","90","株式会社大塚商事","Tailspin Toys (Head Office)","Novelty Shop","Tailspin Toys","大塚 良子","044-9834","2022-01-01 00:00:00.0000000","9999-12-31 23:59:59.9999990","2"
"54","54","株式会社中川商事","Tailspin Toys (Head Office)","Novelty Shop","Tailspin Toys","中川 智子","008-7121","2022-01-01 00:00:00.0000000","9999-12-31 23:59:59.9999990","2"
"126","126","株式会社西川商事","Tailspin Toys (Head Office)","Novelty Shop","Tailspin Toys","西川 愛子","033-4297","2022-01-01 00:00:00.0000000","9999-12-31 23:59:59.9999990","2"
"57","57","株式会社中山商事","Tailspin Toys (Head Office)","Novelty Shop","Tailspin Toys","中山 幸雄","011-8157","2022-01-01 00:00:00.0000000","9999-12-31 23:59:59.9999990","2"
"28","28","株式会社後藤商事","Tailspin Toys (Head Office)","Novelty Shop","Tailspin Toys","後藤 美桜","029-7265","2022-01-01 00:00:00.0000000","9999-12-31 23:59:59.9999990","2"
"20","20","株式会社清水商事","Tailspin Toys (Head Office)","Novelty Shop","Tailspin Toys","清水 莉子","021-6119","2022-01-01 00:00:00.0000000","9999-12-31 23:59:59.9999990","2"
"69","69","株式会社丸山商事","Tailspin Toys (Head Office)","Novelty Shop","Tailspin Toys","丸山 浩","023-1440","2022-01-01 00:00:00.0000000","9999-12-31 23:59:59.9999990","2"
"166","166","株式会社井上商事","Tailspin Toys (Head Office)","Novelty Shop","Tailspin Toys","井上 優","026-2012","2022-01-01 00:00:00.0000000","9999-12-31 23:59:59.9999990","2"
"194","194","株式会社近藤商事","Tailspin Toys (Head Office)","Novelty Shop","Tailspin Toys","近藤 美咲","007-8470","2022-01-01 00:00:00.0000000","9999-12-31 23:59:59.9999990","2"
"110","110","株式会社新井商事","Tailspin Toys (Head Office)","Novelty Shop","Tailspin Toys","新井 礼子","017-07040","2022-01-01 00:00:00.0000000","9999-12-31 23:59:59.9999990","2"
"201","201","株式会社竹内商事","Tailspin Toys (Head Office)","Novelty Shop","Tailspin Toys","竹内 健二","014-2923","2022-01-01 00:00:00.0000000","9999-12-31 23:59:59.9999990","2"
"71","71","株式会社宮崎商事","Tailspin Toys (Head Office)","Novelty Shop","Tailspin Toys","宮崎 俊彦","025-4707","2022-01-01 00:00:00.0000000","9999-12-31 23:59:59.9999990","2"
"196","196","株式会社佐野商事","Tailspin Toys (Head Office)","Novelty Shop","Tailspin Toys","佐野 千春","009-5542","2022-01-01 00:00:00.0000000","9999-12-31 23:59:59.9999990","2"
"146","146","株式会社牧野商事","Tailspin Toys (Head Office)","Novelty Shop","Tailspin Toys","牧野 聡","006-7919","2022-01-01 00:00:00.0000000","9999-12-31 23:59:59.9999990","2"
"172","172","株式会社池田商事","Tailspin Toys (Head Office)","Novelty Shop","Tailspin Toys","池田 咲","032-8376","2022-01-01 00:00:00.0000000","9999-12-31 23:59:59.9999990","2"
"93","93","株式会社荻野商事","Tailspin Toys (Head Office)","Novelty Shop","Tailspin Toys","荻野 隆","047-6159","2022-01-01 00:00:00.0000000","9999-12-31 23:59:59.9999990","2"
"44","44","株式会社近藤商事","Tailspin Toys (Head Office)","Novelty Shop","Tailspin Toys","近藤 美咲","045-9992","2022-01-01 00:00:00.0000000","9999-12-31 23:59:59.9999990","2"
"17","17","株式会社木村商事","Tailspin Toys (Head Office)","Novelty Shop","Tailspin Toys","木村 颯太","018-7226","2022-01-01 00:00:00.0000000","9999-12-31 23:59:59.9999990","2"
"131","131","株式会社服部商事","Tailspin Toys (Head Office)","Novelty Shop","Tailspin Toys","服部 信夫","038-2085","2022-01-01 00:00:00.0000000","9999-12-31 23:59:59.9999990","2"
"36","36","株式会社小川商事","Tailspin Toys (Head Office)","Novelty Shop","Tailspin Toys","小川 奈々","037-09898","2022-01-01 00:00:00.0000000","9999-12-31 23:59:59.9999990","2"
"128","128","株式会社西山商事","Tailspin Toys (Head Office)","Novelty Shop","Tailspin Toys","西山 久恵","035-6468","2022-01-01 00:00:00.0000000","9999-12-31 23:59:59.9999990","2"
"200","200","株式会社高田商事","Tailspin Toys (Head Office)","Novelty Shop","Tailspin Toys","高田 順子","013-7270","2022-01-01 00:00:00.0000000","9999-12-31 23:59:59.9999990","2"
"10","10","株式会社加藤商事","Tailspin Toys (Head Office)","Novelty Shop","Tailspin Toys","加藤 さくら","011-3817","2022-01-01 00:00:00.0000000","9999-12-31 23:59:59.9999990","2"
"34","34","株式会社遠藤商事","Tailspin Toys (Head Office)","Novelty Shop","Tailspin Toys","遠藤 真由美","035-06446","2022-01-01 00:00:00.0000000","9999-12-31 23:59:59.9999990","2"
"27","27","株式会社藤田商事","Tailspin Toys (Head Office)","Novelty Shop","Tailspin Toys","藤田 翼","028-8550","2022-01-01 00:00:00.0000000","9999-12-31 23:59:59.9999990","2"
"41","41","株式会社久保商事","Tailspin Toys (Head Office)","Novelty Shop","Tailspin Toys","久保 浩二","042-8949","2022-01-01 00:00:00.0000000","9999-12-31 23:59:59.9999990","2"
"49","49","株式会社関口商事","Tailspin Toys (Head Office)","Novelty Shop","Tailspin Toys","関口 昭夫","003-0772","2022-01-01 00:00:00.0000000","9999-12-31 23:59:59.9999990","2"
"39","39","株式会社神田商事","Tailspin Toys (Head Office)","Novelty Shop","Tailspin Toys","神田 誠","040-6239","2022-01-01 00:00:00.0000000","9999-12-31 23:59:59.9999990","2"
"165","165","株式会社松本商事","Tailspin Toys (Head Office)","Novelty Shop","Tailspin Toys","松本 隆","025-1031","2022-01-01 00:00:00.0000000","9999-12-31 23:59:59.9999990","2"
"187","187","株式会社岡本商事","Tailspin Toys (Head Office)","Novelty Shop","Tailspin Toys","岡本 和也","047-03094","2022-01-01 00:00:00.0000000","9999-12-31 23:59:59.9999990","2"
"73","73","株式会社森田商事","Tailspin Toys (Head Office)","Novelty Shop","Tailspin Toys","森田 幸一","027-3497","2022-01-01 00:00:00.0000000","9999-12-31 23:59:59.9999990","2"
"88","88","株式会社内田商事","Tailspin Toys (Head Office)","Novelty Shop","Tailspin Toys","内田 由佳","042-009644","2022-01-01 00:00:00.0000000","9999-12-31 23:59:59.9999990","2"
"150","150","株式会社水野商事","Tailspin Toys (Head Office)","Novelty Shop","Tailspin Toys","水野 克","010-5187","2022-01-01 00:00:00.0000000","9999-12-31 23:59:59.9999990","2"
"102","102","株式会社小松商事","Tailspin Toys (Head Office)","Novelty Shop","Tailspin Toys","小松 真理","009-2216","2022-01-01 00:00:00.0000000","9999-12-31 23:59:59.9999990","2"
"9","9","株式会社小林商事","Tailspin Toys (Head Office)","Novelty Shop","Tailspin Toys","小林 龍","010-5696","2022-01-01 00:00:00.0000000","9999-12-31 23:59:59.9999990","2"
"148","148","株式会社松村商事","Tailspin Toys (Head Office)","Novelty Shop","Tailspin Toys","松村 光雄","008-09331","2022-01-01 00:00:00.0000000","9999-12-31 23:59:59.9999990","2"
"96","96","株式会社金子商事","Tailspin Toys (Head Office)","Novelty Shop","Tailspin Toys","金子 春子","003-1800","2022-01-01 00:00:00.0000000","9999-12-31 23:59:59.9999990","2"
"31","31","株式会社阿部商事","Tailspin Toys (Head Office)","Novelty Shop","Tailspin Toys","阿部 雄大","032-2577","2022-01-01 00:00:00.0000000","9999-12-31 23:59:59.9999990","2"
"23","23","株式会社橋本商事","Tailspin Toys (Head Office)","Novelty Shop","Tailspin Toys","橋本 光","024-7331","2022-01-01 00:00:00.0000000","9999-12-31 23:59:59.9999990","2"
"52","52","株式会社谷口商事","Tailspin Toys (Head Office)","Novelty Shop","Tailspin Toys","谷口 由紀","006-4561","2022-01-01 00:00:00.0000000","9999-12-31 23:59:59.9999990","2"
"159","159","株式会社小林商事","Tailspin Toys (Head Office)","Novelty Shop","Tailspin Toys","小林 龍","019-7061","2022-01-01 00:00:00.0000000","9999-12-31 23:59:59.9999990","2"
"101","101","株式会社熊谷商事","Tailspin Toys (Head Office)","Novelty Shop","Tailspin Toys","熊谷 栄一","008-1279","2022-01-01 00:00:00.0000000","9999-12-31 23:59:59.9999990","2"
"190","190","株式会社北村商事","Tailspin Toys (Head Office)","Novelty Shop","Tailspin Toys","北村 麻衣","003-6881","2022-01-01 00:00:00.0000000","9999-12-31 23:59:59.9999990","2"
"144","144","株式会社堀川商事","Tailspin Toys (Head Office)","Novelty Shop","Tailspin Toys","堀川 紀子","004-9290","2022-01-01 00:00:00.0000000","9999-12-31 23:59:59.9999990","2"
"32","32","株式会社石井商事","Tailspin Toys (Head Office)","Novelty Shop","Tailspin Toys","石井 彩","033-419","2022-01-01 00:00:00.0000000","9999-12-31 23:59:59.9999990","2"
"60","60","株式会社原田商事","Tailspin Toys (Head Office)","Novelty Shop","Tailspin Toys","原田 恵","014-3903","2022-01-01 00:00:00.0000000","9999-12-31 23:59:59.9999990","2"
"48","48","株式会社杉山商事","Tailspin Toys (Head Office)","Novelty Shop","Tailspin Toys","杉山 恵子","002-7419","2022-01-01 00:00:00.0000000","9999-12-31 23:59:59.9999990","2"
"184","184","株式会社遠藤商事","Tailspin Toys (Head Office)","Novelty Shop","Tailspin Toys","遠藤 真由美","044-2324","2022-01-01 00:00:00.0000000","9999-12-31 23:59:59.9999990","2"
"198","198","株式会社杉山商事","Tailspin Toys (Head Office)","Novelty Shop","Tailspin Toys","杉山 恵子","011-3539","2022-01-01 00:00:00.0000000","9999-12-31 23:59:59.9999990","2"
"145","145","株式会社本間商事","Tailspin Toys (Head Office)","Novelty Shop","Tailspin Toys","本間 健一","005-4835","2022-01-01 00:00:00.0000000","9999-12-31 23:59:59.9999990","2"
"120","120","株式会社辻本商事","Tailspin Toys (Head Office)","Novelty Shop","Tailspin Toys","辻本 朋子","027-2143","2022-01-01 00:00:00.0000000","9999-12-31 23:59:59.9999990","2"
"25","25","株式会社石川商事","Tailspin Toys (Head Office)","Novelty Shop","Tailspin Toys","石川 優太","026-9150","2022-01-01 00:00:00.0000000","9999-12-31 23:59:59.9999990","2"
"61","61","株式会社東商事","Tailspin Toys (Head Office)","Novelty Shop","Tailspin Toys","東 文雄","015-7419","2022-01-01 00:00:00.0000000","9999-12-31 23:59:59.9999990","2"
"92","92","株式会社岡崎商事","Tailspin Toys (Head Office)","Novelty Shop","Tailspin Toys","岡崎 弘美","046-975","2022-01-01 00:00:00.0000000","9999-12-31 23:59:59.9999990","2"
"2","2","株式会社鈴木商事","Tailspin Toys (Head Office)","Novelty Shop","Tailspin Toys","鈴木 花子","003-937","2022-01-01 00:00:00.0000000","9999-12-31 23:59:59.9999990","2"
"179","179","株式会社岡田商事","Tailspin Toys (Head Office)","Novelty Shop","Tailspin Toys","岡田 剛","039-7749","2022-01-01 00:00:00.0000000","9999-12-31 23:59:59.9999990","2"
"115","115","株式会社高木商事","Tailspin Toys (Head Office)","Novelty Shop","Tailspin Toys","高木 正義","022-1881","2022-01-01 00:00:00.0000000","9999-12-31 23:59:59.9999990","2"
"157","157","株式会社山本商事","Tailspin Toys (Head Office)","Novelty Shop","Tailspin Toys","山本 翔太","017-3350","2022-01-01 00:00:00.0000000","9999-12-31 23:59:59.9999990","2"
"66","66","株式会社前川商事","Tailspin Toys (Head Office)","Novelty Shop","Tailspin Toys","前川 久美子","020-4329","2022-01-01 00:00:00.0000000","9999-12-31 23:59:59.9999990","2"
"171","171","株式会社森商事","Tailspin Toys (Head Office)","Novelty Shop","Tailspin Toys","森 大樹","031-0771","2022-01-01 00:00:00.0000000","9999-12-31 23:59:59.9999990","2"
"138","138","株式会社福島商事","Tailspin Toys (Head Office)","Novelty Shop","Tailspin Toys","福島 恵理子","045-4581","2022-01-01 00:00:00.0000000","9999-12-31 23:59:59.9999990","2"
"79","79","株式会社青木商事","Tailspin Toys (Head Office)","Novelty Shop","Tailspin Toys","青木 章","033-9117","2022-01-01 00:00:00.0000000","9999-12-31 23:59:59.9999990","2"
"70","70","株式会社三浦商事","Tailspin Toys (Head Office)","Novelty Shop","Tailspin Toys","三浦 里美","024-592","2022-01-01 00:00:00.0000000","9999-12-31 23:59:59.9999990","2"
"119","119","株式会社辻商事","Tailspin Toys (Head Office)","Novelty Shop","Tailspin Toys","辻 一男","026-7037","2022-01-01 00:00:00.0000000","9999-12-31 23:59:59.9999990","2"
"35","35","株式会社大野商事","Tailspin Toys (Head Office)","Novelty Shop","Tailspin Toys","大野 修","036-2167","2022-01-01 00:00:00.0000000","9999-12-31 23:59:59.9999990","2"
"141","141","株式会社古川商事","Tailspin Toys (Head Office)","Novelty Shop","Tailspin Toys","古川 利夫","001-6923","2022-01-01 00:00:00.0000000","9999-12-31 23:59:59.9999990","2"
"123","123","株式会社豊田商事","Tailspin Toys (Head Office)","Novelty Shop","Tailspin Toys","豊田 敏雄","030-6989","2022-01-01 00:00:00.0000000","9999-12-31 23:59:59.9999990","2"
"95","95","株式会社小山商事","Tailspin Toys (Head Office)","Novelty Shop","Tailspin Toys","小山 光男","002-8091","2022-01-01 00:00:00.0000000","9999-12-31 23:59:59.9999990","2"
"103","103","株式会社斉藤商事","Tailspin Toys (Head Office)","Novelty Shop","Tailspin Toys","斉藤 昌彦","010-896","2022-01-01 00:00:00.0000000","9999-12-31 23:59:59.9999990","2"
"158","158","株式会社中村商事","Tailspin Toys (Head Office)","Novelty Shop","Tailspin Toys","中村 結衣","018-5768","2022-01-01 00:00:00.0000000","9999-12-31 23:59:59.9999990","2"
"62","62","株式会社平野商事","Tailspin Toys (Head Office)","Novelty Shop","Tailspin Toys","平野 裕子","016-8696","2022-01-01 00:00:00.0000000","9999-12-31 23:59:59.9999990","2"
"83","83","株式会社石田商事","Tailspin Toys (Head Office)","Novelty Shop","Tailspin Toys","石田 武","037-06007","2022-01-01 00:00:00.0000000","9999-12-31 23:59:59.9999990","2"
"94","94","株式会社奥村商事","Tailspin Toys (Head Office)","Novelty Shop","Tailspin Toys","奥村 幸代","001-5169","2022-01-01 00:00:00.0000000","9999-12-31 23:59:59.9999990","2"
"19","19","株式会社斎藤商事","Tailspin Toys (Head Office)","Novelty Shop","Tailspin Toys","斎藤 健太","020-09629","2022-01-01 00:00:00.0000000","9999-12-31 23:59:59.9999990","2"
"111","111","株式会社杉本商事","Tailspin Toys (Head Office)","Novelty Shop","Tailspin Toys","杉本 勝","018-7848","2022-01-01 00:00:00.0000000","9999-12-31 23:59:59.9999990","2"
"89","89","株式会社江口商事","Tailspin Toys (Head Office)","Novelty Shop","Tailspin Toys","江口 正","043-8452","2022-01-01 00:00:00.0000000","9999-12-31 23:59:59.9999990","2"
"74","74","株式会社安田商事","Tailspin Toys (Head Office)","Novelty Shop","Tailspin Toys","安田 直子","028-7107","2022-01-01 00:00:00.0000000","9999-12-31 23:59:59.9999990","2"
"30","30","株式会社長谷川商事","Tailspin Toys (Head Office)","Novelty Shop","Tailspin Toys","長谷川 桜","031-7900","2022-01-01 00:00:00.0000000","9999-12-31 23:59:59.9999990","2"
"100","100","株式会社木下商事","Tailspin Toys (Head Office)","Novelty Shop","Tailspin Toys","木下 綾","007-9836","2022-01-01 00:00:00.0000000","9999-12-31 23:59:59.9999990","2"
"197","197","株式会社柴田商事","Tailspin Toys (Head Office)","Novelty Shop","Tailspin Toys","柴田 達也","010-3262","2022-01-01 00:00:00.0000000","9999-12-31 23:59:59.9999990","2"
"58","58","株式会社西村商事","Tailspin Toys (Head Office)","Novelty Shop","Tailspin Toys","西村 美和","012-8407","2022-01-01 00:00:00.0000000","9999-12-31 23:59:59.9999990","2"
"81","81","株式会社浅野商事","Tailspin Toys (Head Office)","Novelty Shop","Tailspin Toys","浅野 和彦","035-25","2022-01-01 00:00:00.0000000","9999-12-31 23:59:59.9999990","2"
"29","29","株式会社岡田商事","Tailspin Toys (Head Office)","Novelty Shop","Tailspin Toys","岡田 剛","030-7281","2022-01-01 00:00:00.0000000","9999-12-31 23:59:59.9999990","2"
"4","4","株式会社高橋商事","Tailspin Toys (Head Office)","Novelty Shop","Tailspin Toys","高橋 美咲","005-8699","2022-01-01 00:00:00.0000000","9999-12-31 23:59:59.9999990","2"
"114","114","株式会社園田商事","Tailspin Toys (Head Office)","Novelty Shop","Tailspin Toys","園田 久美","021-1427","2022-01-01 00:00:00.0000000","9999-12-31 23:59:59.9999990","2"
"76","76","株式会社吉川商事","Tailspin Toys (Head Office)","Novelty Shop","Tailspin Toys","吉川 悦子","030-05948","2022-01-01 00:00:00.0000000","9999-12-31 23:59:59.9999990","2"
"174","174","株式会社山崎商事","Tailspin Toys (Head Office)","Novelty Shop","Tailspin Toys","山崎 夏美","034-3904","2022-01-01 00:00:00.0000000","9999-12-31 23:59:59.9999990","2"
"107","107","株式会社沢田商事","Tailspin Toys (Head Office)","Novelty Shop","Tailspin Toys","沢田 雅彦","014-618","2022-01-01 00:00:00.0000000","9999-12-31 23:59:59.9999990","2"
"152","152","株式会社鈴木商事","Tailspin Toys (Head Office)","Novelty Shop","Tailspin Toys","鈴木 花子","012-7372","2022-01-01 00:00:00.0000000","9999-12-31 23:59:59.9999990","2"
"133","133","株式会社浜田商事","Tailspin Toys (Head Office)","Novelty Shop","Tailspin Toys","浜田 信","040-4084","2022-01-01 00:00:00.0000000","9999-12-31 23:59:59.9999990","2"
"75","75","株式会社山下商事","Tailspin Toys (Head Office)","Novelty Shop","Tailspin Toys","山下 明","029-6340","2022-01-01 00:00:00.0000000","9999-12-31 23:59:59.9999990","2"
"40","40","株式会社北村商事","Tailspin Toys (Head Office)","Novelty Shop","Tailspin Toys","北村 麻衣","041-1649","2022-01-01 00:00:00.0000000","9999-12-31 23:59:59.9999990","2"
"139","139","株式会社福永商事","Tailspin Toys (Head Office)","Novelty Shop","Tailspin Toys","福永 良雄","046-2746","2022-01-01 00:00:00.0000000","9999-12-31 23:59:59.9999990","2"
"105","105","株式会社桜井商事","Tailspin Toys (Head Office)","Novelty Shop","Tailspin Toys","桜井 進","012-8707","2022-01-01 00:00:00.0000000","9999-12-31 23:59:59.9999990","2"
"13","13","株式会社佐々木商事","Tailspin Toys (Head Office)","Novelty Shop","Tailspin Toys","佐々木 拓也","014-2913","2022-01-01 00:00:00.0000000","9999-12-31 23:59:59.9999990","2"
"154","154","株式会社高橋商事","Tailspin Toys (Head Office)","Novelty Shop","Tailspin Toys","高橋 美咲","014-9181","2022-01-01 00:00:00.0000000","9999-12-31 23:59:59.9999990","2"
"186","186","株式会社小川商事","Tailspin Toys (Head Office)","Novelty Shop","Tailspin Toys","小川 奈々","046-005","2022-01-01 00:00:00.0000000","9999-12-31 23:59:59.9999990","2"
"164","164","株式会社山口商事","Tailspin Toys (Head Office)","Novelty Shop","Tailspin Toys","山口 愛美","024-2803","2022-01-01 00:00:00.0000000","9999-12-31 23:59:59.9999990","2"
"180","180","株式会社長谷川商事","Tailspin Toys (Head Office)","Novelty Shop","Tailspin Toys","長谷川 桜","040-9774","2022-01-01 00:00:00.0000000","9999-12-31 23:59:59.9999990","2"
"91","91","株式会社大森商事","Tailspin Toys (Head Office)","Novelty Shop","Tailspin Toys","大森 淳","045-5174","2022-01-01 00:00:00.0000000","9999-12-31 23:59:59.9999990","2"
"64","64","株式会社藤井商事","Tailspin Toys (Head Office)","Novelty Shop","Tailspin Toys","藤井 かおり","018-5756","2022-01-01 00:00:00.0000000","9999-12-31 23:59:59.9999990","2"
"42","42","株式会社工藤商事","Tailspin Toys (Head Office)","Novelty Shop","Tailspin Toys","工藤 由美","043-7187","2022-01-01 00:00:00.0000000","9999-12-31 23:59:59.9999990","2"
"50","50","株式会社高田商事","Tailspin Toys (Head Office)","Novelty Shop","Tailspin Toys","高田 順子","004-1523","2022-01-01 00:00:00.0000000","9999-12-31 23:59:59.9999990","2"
"125","125","株式会社中田商事","Tailspin Toys (Head Office)","Novelty Shop","Tailspin Toys","中田 義明","032-8038","2022-01-01 00:00:00.0000000","9999-12-31 23:59:59.9999990","2"
"185","185","株式会社大野商事","Tailspin Toys (Head Office)","Novelty Shop","Tailspin Toys","大野 修","045-03093","2022-01-01 00:00:00.0000000","9999-12-31 23:59:59.9999990","2"
"161","161","株式会社吉田商事","Tailspin Toys (Head Office)","Novelty Shop","Tailspin Toys","吉田 勇人","021-3442","2022-01-01 00:00:00.0000000","9999-12-31 23:59:59.9999990","2"
"86","86","株式会社岩崎商事","Tailspin Toys (Head Office)","Novelty Shop","Tailspin Toys","岩崎 洋子","040-05416","2022-01-01 00:00:00.0000000","9999-12-31 23:59:59.9999990","2"
"45","45","株式会社坂本商事","Tailspin Toys (Head Office)","Novelty Shop","Tailspin Toys","坂本 正人","046-06740","2022-01-01 00:00:00.0000000","9999-12-31 23:59:59.9999990","2"
"143","143","株式会社堀商事","Tailspin Toys (Head Office)","Novelty Shop","Tailspin Toys","堀 宏明","003-6024","2022-01-01 00:00:00.0000000","9999-12-31 23:59:59.9999990","2"
"147","147","株式会社松井商事","Tailspin Toys (Head Office)","Novelty Shop","Tailspin Toys","松井 絵美","007-5000","2022-01-01 00:00:00.0000000","9999-12-31 23:59:59.9999990","2"
"14","14","株式会社山口商事","Tailspin Toys (Head Office)","Novelty Shop","Tailspin Toys","山口 愛美","015-610","2022-01-01 00:00:00.0000000","9999-12-31 23:59:59.9999990","2"
"155","155","株式会社渡辺商事","Tailspin Toys (Head Office)","Novelty Shop","Tailspin Toys","渡辺 大輔","015-4402","2022-01-01 00:00:00.0000000","9999-12-31 23:59:59.9999990","2"
"109","109","株式会社白石商事","Tailspin Toys (Head Office)","Novelty Shop","Tailspin Toys","白石 正夫","016-6614","2022-01-01 00:00:00.0000000","9999-12-31 23:59:59.9999990","2"
"134","134","株式会社林田商事","Tailspin Toys (Head Office)","Novelty Shop","Tailspin Toys","林田 和代","041-2897","2022-01-01 00:00:00.0000000","9999-12-31 23:59:59.9999990","2"
"15","15","株式会社松本商事","Tailspin Toys (Head Office)","Novelty Shop","Tailspin Toys","松本 隆","016-09408","2022-01-01 00:00:00.0000000","9999-12-31 23:59:59.9999990","2"
"183","183","株式会社上田商事","Tailspin Toys (Head Office)","Novelty Shop","Tailspin Toys","上田 直樹","043-7254","2022-01-01 00:00:00.0000000","9999-12-31 23:59:59.9999990","2"
"37","37","株式会社岡本商事","Tailspin Toys (Head Office)","Novelty Shop","Tailspin Toys","岡本 和也","038-2800","2022-01-01 00:00:00.0000000","9999-12-31 23:59:59.9999990","2"
"173","173","株式会社橋本商事","Tailspin Toys (Head Office)","Novelty Shop","Tailspin Toys","橋本 光","033-1052","2022-01-01 00:00:00.0000000","9999-12-31 23:59:59.9999990","2"
"308","507","株式会社中村商事","Wingtip Toys (Head Office)","Novelty Shop","Wingtip Toys","中村 結衣","027-1348","2022-01-01 00:00:00.0000000","9999-12-31 23:59:59.9999990","2"
"370","569","株式会社三浦商事","Wingtip Toys (Head Office)","Novelty Shop","Wingtip Toys","三浦 里美","042-7983","2022-01-01 00:00:00.0000000","9999-12-31 23:59:59.9999990","2"
"291","490","株式会社古川商事","Wingtip Toys (Head Office)","Novelty Shop","Wingtip Toys","古川 利夫","010-3608","2022-01-01 00:00:00.0000000","9999-12-31 23:59:59.9999990","2"
"353","552","株式会社土屋商事","Wingtip Toys (Head Office)","Novelty Shop","Wingtip Toys","土屋 雅之","025-1827","2022-01-01 00:00:00.0000000","9999-12-31 23:59:59.9999990","2"
"255","454","株式会社桜井商事","Wingtip Toys (Head Office)","Novelty Shop","Wingtip Toys","桜井 進","021-04964","2022-01-01 00:00:00.0000000","9999-12-31 23:59:59.9999990","2"
"399","598","株式会社菊地商事","Wingtip Toys (Head Office)","Novelty Shop","Wingtip Toys","菊地 勉","024-8526","2022-01-01 00:00:00.0000000","9999-12-31 23:59:59.9999990","2"
"267","466","株式会社田村商事","Wingtip Toys (Head Office)","Novelty Shop","Wingtip Toys","田村 清","033-3638","2022-01-01 00:00:00.0000000","9999-12-31 23:59:59.9999990","2"
"344","543","株式会社近藤商事","Wingtip Toys (Head Office)","Novelty Shop","Wingtip Toys","近藤 美咲","016-04600","2022-01-01 00:00:00.0000000","9999-12-31 23:59:59.9999990","2"
"225","424","株式会社山下商事","Wingtip Toys (Head Office)","Novelty Shop","Wingtip Toys","山下 明","038-6073","2022-01-01 00:00:00.0000000","9999-12-31 23:59:59.9999990","2"
"238","437","株式会社内田商事","Wingtip Toys (Head Office)","Novelty Shop","Wingtip Toys","内田 由佳","004-53","2022-01-01 00:00:00.0000000","9999-12-31 23:59:59.9999990","2"
"292","491","株式会社細川商事","Wingtip Toys (Head Office)","Novelty Shop","Wingtip Toys","細川 京子","011-737","2022-01-01 00:00:00.0000000","9999-12-31 23:59:59.9999990","2"
"349","548","株式会社関口商事","Wingtip Toys (Head Office)","Novelty Shop","Wingtip Toys","関口 昭夫","021-6850","2022-01-01 00:00:00.0000000","9999-12-31 23:59:59.9999990","2"
"259","458","株式会社白石商事","Wingtip Toys (Head Office)","Novelty Shop","Wingtip Toys","白石 正夫","025-9648","2022-01-01 00:00:00.0000000","9999-12-31 23:59:59.9999990","2"
"221","420","株式会社宮崎商事","Wingtip Toys (Head Office)","Novelty Shop","Wingtip Toys","宮崎 俊彦","034-7440","2022-01-01 00:00:00.0000000","9999-12-31 23:59:59.9999990","2"
"338","537","株式会社小野商事","Wingtip Toys (Head Office)","Novelty Shop","Wingtip Toys","小野 美智子","010-4077","2022-01-01 00:00:00.0000000","9999-12-31 23:59:59.9999990","2"
"275","474","株式会社中田商事","Wingtip Toys (Head Office)","Novelty Shop","Wingtip Toys","中田 義明","041-6208","2022-01-01 00:00:00.0000000","9999-12-31 23:59:59.9999990","2"
"374","573","株式会社安田商事","Wingtip Toys (Head Office)","Novelty Shop","Wingtip Toys","安田 直子","046-8972","2022-01-01 00:00:00.0000000","9999-12-31 23:59:59.9999990","2"
"265","464","株式会社高木商事","Wingtip Toys (Head Office)","Novelty Shop","Wingtip Toys","高木 正義","031-3548","2022-01-01 00:00:00.0000000","9999-12-31 23:59:59.9999990","2"
"319","518","株式会社斎藤商事","Wingtip Toys (Head Office)","Novelty Shop","Wingtip Toys","斎藤 健太","038-6477","2022-01-01 00:00:00.0000000","9999-12-31 23:59:59.9999990","2"
"368","567","株式会社松田商事","Wingtip Toys (Head Office)","Novelty Shop","Wingtip Toys","松田 和美","040-8840","2022-01-01 00:00:00.0000000","9999-12-31 23:59:59.9999990","2"
"204","403","株式会社中川商事","Wingtip Toys (Head Office)","Novelty Shop","Wingtip Toys","中川 智子","017-9376","2022-01-01 00:00:00.0000000","9999-12-31 23:59:59.9999990","2"
"218","417","株式会社松田商事","Wingtip Toys (Head Office)","Novelty Shop","Wingtip Toys","松田 和美","031-1054","2022-01-01 00:00:00.0000000","9999-12-31 23:59:59.9999990","2"
"323","522","株式会社橋本商事","Wingtip Toys (Head Office)","Novelty Shop","Wingtip Toys","橋本 光","042-1022","2022-01-01 00:00:00.0000000","9999-12-31 23:59:59.9999990","2"
"384","583","株式会社市川商事","Wingtip Toys (Head Office)","Novelty Shop","Wingtip Toys","市川 千代子","009-1192","2022-01-01 00:00:00.0000000","9999-12-31 23:59:59.9999990","2"
"261","460","株式会社杉本商事","Wingtip Toys (Head Office)","Novelty Shop","Wingtip Toys","杉本 勝","027-8835","2022-01-01 00:00:00.0000000","9999-12-31 23:59:59.9999990","2"
"264","463","株式会社園田商事","Wingtip Toys (Head Office)","Novelty Shop","Wingtip Toys","園田 久美","030-9949","2022-01-01 00:00:00.0000000","9999-12-31 23:59:59.9999990","2"
"401","600","株式会社熊谷商事","Wingtip Toys (Head Office)","Novelty Shop","Wingtip Toys","熊谷 栄一","026-9083","2022-01-01 00:00:00.0000000","9999-12-31 23:59:59.9999990","2"
"232","431","株式会社飯田商事","Wingtip Toys (Head Office)","Novelty Shop","Wingtip Toys","飯田 理恵","045-2635","2022-01-01 00:00:00.0000000","9999-12-31 23:59:59.9999990","2"
"301","500","株式会社田中商事","Wingtip Toys (Head Office)","Novelty Shop","Wingtip Toys","田中 太郎","020-1198","2022-01-01 00:00:00.0000000","9999-12-31 23:59:59.9999990","2"
"383","582","株式会社石田商事","Wingtip Toys (Head Office)","Novelty Shop","Wingtip Toys","石田 武","008-1471","2022-01-01 00:00:00.0000000","9999-12-31 23:59:59.9999990","2"
"294","493","株式会社堀川商事","Wingtip Toys (Head Office)","Novelty Shop","Wingtip Toys","堀川 紀子","013-9956","2022-01-01 00:00:00.0000000","9999-12-31 23:59:59.9999990","2"
"260","459","株式会社新井商事","Wingtip Toys (Head Office)","Novelty Shop","Wingtip Toys","新井 礼子","026-03348","2022-01-01 00:00:00.0000000","9999-12-31 23:59:59.9999990","2"
"392","591","株式会社岡崎商事","Wingtip Toys (Head Office)","Novelty Shop","Wingtip Toys","岡崎 弘美","017-5537","2022-01-01 00:00:00.0000000","9999-12-31 23:59:59.9999990","2"
"242","441","株式会社岡崎商事","Wingtip Toys (Head Office)","Novelty Shop","Wingtip Toys","岡崎 弘美","008-835","2022-01-01 00:00:00.0000000","9999-12-31 23:59:59.9999990","2"
"280","479","株式会社野田商事","Wingtip Toys (Head Office)","Novelty Shop","Wingtip Toys","野田 則子","046-02363","2022-01-01 00:00:00.0000000","9999-12-31 23:59:59.9999990","2"
"282","481","株式会社花田商事","Wingtip Toys (Head Office)","Novelty Shop","Wingtip Toys","花田 早苗","001-2602","2022-01-01 00:00:00.0000000","9999-12-31 23:59:59.9999990","2"
"235","434","株式会社今井商事","Wingtip Toys (Head Office)","Novelty Shop","Wingtip Toys","今井 宏","001-4291","2022-01-01 00:00:00.0000000","9999-12-31 23:59:59.9999990","2"
"202","401","株式会社谷口商事","Wingtip Toys (Head Office)","Novelty Shop","Wingtip Toys","谷口 由紀","015-3114","2022-01-01 00:00:00.0000000","9999-12-31 23:59:59.9999990","2"
"337","536","株式会社岡本商事","Wingtip Toys (Head Office)","Novelty Shop","Wingtip Toys","岡本 和也","009-2401","2022-01-01 00:00:00.0000000","9999-12-31 23:59:59.9999990","2"
"380","579","株式会社秋山商事","Wingtip Toys (Head Office)","Novelty Shop","Wingtip Toys","秋山 美紀","005-555","2022-01-01 00:00:00.0000000","9999-12-31 23:59:59.9999990","2"
"316","515","株式会社井上商事","Wingtip Toys (Head Office)","Novelty Shop","Wingtip Toys","井上 優","035-6282","2022-01-01 00:00:00.0000000","9999-12-31 23:59:59.9999990","2"
"240","439","株式会社大塚商事","Wingtip Toys (Head Office)","Novelty Shop","Wingtip Toys","大塚 良子","006-01492","2022-01-01 00:00:00.0000000","9999-12-31 23:59:59.9999990","2"
"363","562","株式会社福田商事","Wingtip Toys (Head Office)","Novelty Shop","Wingtip Toys","福田 正男","035-436","2022-01-01 00:00:00.0000000","9999-12-31 23:59:59.9999990","2"
"274","473","株式会社永井商事","Wingtip Toys (Head Office)","Novelty Shop","Wingtip Toys","永井 真奈美","040-2891","2022-01-01 00:00:00.0000000","9999-12-31 23:59:59.9999990","2"
"391","590","株式会社大森商事","Wingtip Toys (Head Office)","Novelty Shop","Wingtip Toys","大森 淳","016-9944","2022-01-01 00:00:00.0000000","9999-12-31 23:59:59.9999990","2"
"313","512","株式会社佐々木商事","Wingtip Toys (Head Office)","Novelty Shop","Wingtip Toys","佐々木 拓也","032-8751","2022-01-01 00:00:00.0000000","9999-12-31 23:59:59.9999990","2"
"230","429","株式会社秋山商事","Wingtip Toys (Head Office)","Novelty Shop","Wingtip Toys","秋山 美紀","043-8916","2022-01-01 00:00:00.0000000","9999-12-31 23:59:59.9999990","2"
"317","516","株式会社木村商事","Wingtip Toys (Head Office)","Novelty Shop","Wingtip Toys","木村 颯太","036-05631","2022-01-01 00:00:00.0000000","9999-12-31 23:59:59.9999990","2"
"372","571","株式会社村上商事","Wingtip Toys (Head Office)","Novelty Shop","Wingtip Toys","村上 美保","044-2678","2022-01-01 00:00:00.0000000","9999-12-31 23:59:59.9999990","2"
"215","414","株式会社本田商事","Wingtip Toys (Head Office)","Novelty Shop","Wingtip Toys","本田 実","028-1820","2022-01-01 00:00:00.0000000","9999-12-31 23:59:59.9999990","2"
"330","529","株式会社長谷川商事","Wingtip Toys (Head Office)","Novelty Shop","Wingtip Toys","長谷川 桜","002-2635","2022-01-01 00:00:00.0000000","9999-12-31 23:59:59.9999990","2"
"355","554","株式会社中島商事","Wingtip Toys (Head Office)","Novelty Shop","Wingtip Toys","中島 勝利","027-7973","2022-01-01 00:00:00.0000000","9999-12-31 23:59:59.9999990","2"
"245","444","株式会社小山商事","Wingtip Toys (Head Office)","Novelty Shop","Wingtip Toys","小山 光男","011-09311","2022-01-01 00:00:00.0000000","9999-12-31 23:59:59.9999990","2"
"318","517","株式会社林商事","Wingtip Toys (Head Office)","Novelty Shop","Wingtip Toys","林 陽菜","037-913","2022-01-01 00:00:00.0000000","9999-12-31 23:59:59.9999990","2"
"270","469","株式会社辻本商事","Wingtip Toys (Head Office)","Novelty Shop","Wingtip Toys","辻本 朋子","036-2384","2022-01-01 00:00:00.0000000","9999-12-31 23:59:59.9999990","2"
"298","497","株式会社松村商事","Wingtip Toys (Head Office)","Novelty Shop","Wingtip Toys","松村 光雄","017-950","2022-01-01 00:00:00.0000000","9999-12-31 23:59:59.9999990","2"
"364","563","株式会社藤井商事","Wingtip Toys (Head Office)","Novelty Shop","Wingtip Toys","藤井 かおり","036-5167","2022-01-01 00:00:00.0000000","9999-12-31 23:59:59.9999990","2"
"342","541","株式会社工藤商事","Wingtip Toys (Head Office)","Novelty Shop","Wingtip Toys","工藤 由美","014-1685","2022-01-01 00:00:00.0000000","9999-12-31 23:59:59.9999990","2"
"303","502","株式会社佐藤商事","Wingtip Toys (Head Office)","Novelty Shop","Wingtip Toys","佐藤 健","022-700","2022-01-01 00:00:00.0000000","9999-12-31 23:59:59.9999990","2"
"341","540","株式会社久保商事","Wingtip Toys (Head Office)","Novelty Shop","Wingtip Toys","久保 浩二","013-1493","2022-01-01 00:00:00.0000000","9999-12-31 23:59:59.9999990","2"
"293","492","株式会社堀商事","Wingtip Toys (Head Office)","Novelty Shop","Wingtip Toys","堀 宏明","012-4191","2022-01-01 00:00:00.0000000","9999-12-31 23:59:59.9999990","2"
"223","422","株式会社森田商事","Wingtip Toys (Head Office)","Novelty Shop","Wingtip Toys","森田 幸一","036-4960","2022-01-01 00:00:00.0000000","9999-12-31 23:59:59.9999990","2"
"378","577","株式会社若林商事","Wingtip Toys (Head Office)","Novelty Shop","Wingtip Toys","若林 香織","003-825","2022-01-01 00:00:00.0000000","9999-12-31 23:59:59.9999990","2"
"233","432","株式会社石田商事","Wingtip Toys (Head Office)","Novelty Shop","Wingtip Toys","石田 武","046-9412","2022-01-01 00:00:00.0000000","9999-12-31 23:59:59.9999990","2"
"371","570","株式会社宮崎商事","Wingtip Toys (Head Office)","Novelty Shop","Wingtip Toys","宮崎 俊彦","043-08857","2022-01-01 00:00:00.0000000","9999-12-31 23:59:59.9999990","2"
"268","467","株式会社千葉商事","Wingtip Toys (Head Office)","Novelty Shop","Wingtip Toys","千葉 佳子","034-4046","2022-01-01 00:00:00.0000000","9999-12-31 23:59:59.9999990","2"
"361","560","株式会社東商事","Wingtip Toys (Head Office)","Novelty Shop","Wingtip Toys","東 文雄","033-3159","2022-01-01 00:00:00.0000000","9999-12-31 23:59:59.9999990","2"
"343","542","株式会社小島商事","Wingtip Toys (Head Office)","Novelty Shop","Wingtip Toys","小島 一郎","015-6303","2022-01-01 00:00:00.0000000","9999-12-31 23:59:59.9999990","2"
"203","402","株式会社土屋商事","Wingtip Toys (Head Office)","Novelty Shop","Wingtip Toys","土屋 雅之","016-5041","2022-01-01 00:00:00.0000000","9999-12-31 23:59:59.9999990","2"
"244","443","株式会社奥村商事","Wingtip Toys (Head Office)","Novelty Shop","Wingtip Toys","奥村 幸代","010-6351","2022-01-01 00:00:00.0000000","9999-12-31 23:59:59.9999990","2"
"262","461","株式会社関根商事","Wingtip Toys (Head Office)","Novelty Shop","Wingtip Toys","関根 知子","028-005634","2022-01-01 00:00:00.0000000","9999-12-31 23:59:59.9999990","2"
"352","551","株式会社谷口商事","Wingtip Toys (Head Office)","Novelty Shop","Wingtip Toys","谷口 由紀","024-5717","2022-01-01 00:00:00.0000000","9999-12-31 23:59:59.9999990","2"
"271","470","株式会社戸田商事","Wingtip Toys (Head Office)","Novelty Shop","Wingtip Toys","戸田 博","037-7105","2022-01-01 00:00:00.0000000","9999-12-31 23:59:59.9999990","2"
"322","521","株式会社池田商事","Wingtip Toys (Head Office)","Novelty Shop","Wingtip Toys","池田 咲","041-958","2022-01-01 00:00:00.0000000","9999-12-31 23:59:59.9999990","2"
"335","534","株式会社大野商事","Wingtip Toys (Head Office)","Novelty Shop","Wingtip Toys","大野 修","007-7635","2022-01-01 00:00:00.0000000","9999-12-31 23:59:59.9999990","2"
"210","409","株式会社原田商事","Wingtip Toys (Head Office)","Novelty Shop","Wingtip Toys","原田 恵","023-48","2022-01-01 00:00:00.0000000","9999-12-31 23:59:59.9999990","2"
"211","410","株式会社東商事","Wingtip Toys (Head Office)","Novelty Shop","Wingtip Toys","東 文雄","024-122","2022-01-01 00:00:00.0000000","9999-12-31 23:59:59.9999990","2"
"241","440","株式会社大森商事","Wingtip Toys (Head Office)","Novelty Shop","Wingtip Toys","大森 淳","007-3454","2022-01-01 00:00:00.0000000","9999-12-31 23:59:59.9999990","2"
"356","555","株式会社中野商事","Wingtip Toys (Head Office)","Novelty Shop","Wingtip Toys","中野 晴美","028-6130","2022-01-01 00:00:00.0000000","9999-12-31 23:59:59.9999990","2"
"256","455","株式会社笹原商事","Wingtip Toys (Head Office)","Novelty Shop","Wingtip Toys","笹原 智恵","022-8201","2022-01-01 00:00:00.0000000","9999-12-31 23:59:59.9999990","2"
"382","581","株式会社飯田商事","Wingtip Toys (Head Office)","Novelty Shop","Wingtip Toys","飯田 理恵","007-9753","2022-01-01 00:00:00.0000000","9999-12-31 23:59:59.9999990","2"
"321","520","株式会社森商事","Wingtip Toys (Head Office)","Novelty Shop","Wingtip Toys","森 大樹","040-166","2022-01-01 00:00:00.0000000","9999-12-31 23:59:59.9999990","2"
"396","595","株式会社金子商事","Wingtip Toys (Head Office)","Novelty Shop","Wingtip Toys","金子 春子","021-3181","2022-01-01 00:00:00.0000000","9999-12-31 23:59:59.9999990","2"
"279","478","株式会社野口商事","Wingtip Toys (Head Office)","Novelty Shop","Wingtip Toys","野口 良一","045-8647","2022-01-01 00:00:00.0000000","9999-12-31 23:59:59.9999990","2"
"277","476","株式会社西田商事","Wingtip Toys (Head Office)","Novelty Shop","Wingtip Toys","西田 清志","043-8848","2022-01-01 00:00:00.0000000","9999-12-31 23:59:59.9999990","2"
"284","483","株式会社林田商事","Wingtip Toys (Head Office)","Novelty Shop","Wingtip Toys","林田 和代","003-3687","2022-01-01 00:00:00.0000000","9999-12-31 23:59:59.9999990","2"
"296","495","株式会社牧野商事","Wingtip Toys (Head Office)","Novelty Shop","Wingtip Toys","牧野 聡","015-6655","2022-01-01 00:00:00.0000000","9999-12-31 23:59:59.9999990","2"
"393","592","株式会社荻野商事","Wingtip Toys (Head Office)","Novelty Shop","Wingtip Toys","荻野 隆","018-673","2022-01-01 00:00:00.0000000","9999-12-31 23:59:59.9999990","2"
"290","489","株式会社藤原商事","Wingtip Toys (Head Office)","Novelty Shop","Wingtip Toys","藤原 美智代","009-8157","2022-01-01 00:00:00.0000000","9999-12-31 23:59:59.9999990","2"
"325","524","株式会社石川商事","Wingtip Toys (Head Office)","Novelty Shop","Wingtip Toys","石川 優太","044-6799","2022-01-01 00:00:00.0000000","9999-12-31 23:59:59.9999990","2"
"247","446","株式会社川口商事","Wingtip Toys (Head Office)","Novelty Shop","Wingtip Toys","川口 豊","013-1047","2022-01-01 00:00:00.0000000","9999-12-31 23:59:59.9999990","2"
"329","528","株式会社岡田商事","Wingtip Toys (Head Office)","Novelty Shop","Wingtip Toys","岡田 剛","001-3196","2022-01-01 00:00:00.0000000","9999-12-31 23:59:59.9999990","2"
"283","482","株式会社浜田商事","Wingtip Toys (Head Office)","Novelty Shop","Wingtip Toys","浜田 信","002-788","2022-01-01 00:00:00.0000000","9999-12-31 23:59:59.9999990","2"
"387","586","株式会社上野商事","Wingtip Toys (Head Office)","Novelty Shop","Wingtip Toys","上野 康夫","012-9558","2022-01-01 00:00:00.0000000","9999-12-31 23:59:59.9999990","2"
"205","404","株式会社中島商事","Wingtip Toys (Head Office)","Novelty Shop","Wingtip Toys","中島 勝利","018-403","2022-01-01 00:00:00.0000000","9999-12-31 23:59:59.9999990","2"
"328","527","株式会社後藤商事","Wingtip Toys (Head Office)","Novelty Shop","Wingtip Toys","後藤 美桜","047-7417","2022-01-01 00:00:00.0000000","9999-12-31 23:59:59.9999990","2"
"348","547","株式会社杉山商事","Wingtip Toys (Head Office)","Novelty Shop","Wingtip Toys","杉山 恵子","020-2147","2022-01-01 00:00:00.0000000","9999-12-31 23:59:59.9999990","2"
"206","405","株式会社中野商事","Wingtip Toys (Head Office)","Novelty Shop","Wingtip Toys","中野 晴美","019-5314","2022-01-01 00:00:00.0000000","9999-12-31 23:59:59.9999990","2"
"311","510","株式会社吉田商事","Wingtip Toys (Head Office)","Novelty Shop","Wingtip Toys","吉田 勇人","030-2714","2022-01-01 00:00:00.0000000","9999-12-31 23:59:59.9999990","2"
"257","456","株式会社沢田商事","Wingtip Toys (Head Office)","Novelty Shop","Wingtip Toys","沢田 雅彦","023-6996","2022-01-01 00:00:00.0000000","9999-12-31 23:59:59.9999990","2"
"375","574","株式会社山下商事","Wingtip Toys (Head Office)","Novelty Shop","Wingtip Toys","山下 明","047-562","2022-01-01 00:00:00.0000000","9999-12-31 23:59:59.9999990","2"
"377","576","株式会社米田商事","Wingtip Toys (Head Office)","Novelty Shop","Wingtip Toys","米田 哲也","002-6805","2022-01-01 00:00:00.0000000","9999-12-31 23:59:59.9999990","2"
"266","465","株式会社武田商事","Wingtip Toys (Head Office)","Novelty Shop","Wingtip Toys","武田 美代子","032-1135","2022-01-01 00:00:00.0000000","9999-12-31 23:59:59.9999990","2"
"373","572","株式会社森田商事","Wingtip Toys (Head Office)","Novelty Shop","Wingtip Toys","森田 幸一","045-1498","2022-01-01 00:00:00.0000000","9999-12-31 23:59:59.9999990","2"
"390","589","株式会社大塚商事","Wingtip Toys (Head Office)","Novelty Shop","Wingtip Toys","大塚 良子","015-04148","2022-01-01 00:00:00.0000000","9999-12-31 23:59:59.9999990","2"
"332","531","株式会社石井商事","Wingtip Toys (Head Office)","Novelty Shop","Wingtip Toys","石井 彩","004-07324","2022-01-01 00:00:00.0000000","9999-12-31 23:59:59.9999990","2"
"357","556","株式会社中山商事","Wingtip Toys (Head Office)","Novelty Shop","Wingtip Toys","中山 幸雄","029-9754","2022-01-01 00:00:00.0000000","9999-12-31 23:59:59.9999990","2"
"220","419","株式会社三浦商事","Wingtip Toys (Head Office)","Novelty Shop","Wingtip Toys","三浦 里美","033-794","2022-01-01 00:00:00.0000000","9999-12-31 23:59:59.9999990","2"
"385","584","株式会社今井商事","Wingtip Toys (Head Office)","Novelty Shop","Wingtip Toys","今井 宏","010-137","2022-01-01 00:00:00.0000000","9999-12-31 23:59:59.9999990","2"
"254","453","株式会社酒井商事","Wingtip Toys (Head Office)","Novelty Shop","Wingtip Toys","酒井 明美","020-9055","2022-01-01 00:00:00.0000000","9999-12-31 23:59:59.9999990","2"
"251","450","株式会社熊谷商事","Wingtip Toys (Head Office)","Novelty Shop","Wingtip Toys","熊谷 栄一","017-6064","2022-01-01 00:00:00.0000000","9999-12-31 23:59:59.9999990","2"
"309","508","株式会社小林商事","Wingtip Toys (Head Office)","Novelty Shop","Wingtip Toys","小林 龍","028-8964","2022-01-01 00:00:00.0000000","9999-12-31 23:59:59.9999990","2"
"216","415","株式会社前川商事","Wingtip Toys (Head Office)","Novelty Shop","Wingtip Toys","前川 久美子","029-5836","2022-01-01 00:00:00.0000000","9999-12-31 23:59:59.9999990","2"
"249","448","株式会社菊地商事","Wingtip Toys (Head Office)","Novelty Shop","Wingtip Toys","菊地 勉","015-9488","2022-01-01 00:00:00.0000000","9999-12-31 23:59:59.9999990","2"
"369","568","株式会社丸山商事","Wingtip Toys (Head Office)","Novelty Shop","Wingtip Toys","丸山 浩","041-02893","2022-01-01 00:00:00.0000000","9999-12-31 23:59:59.9999990","2"
"312","511","株式会社山田商事","Wingtip Toys (Head Office)","Novelty Shop","Wingtip Toys","山田 美穂","031-8794","2022-01-01 00:00:00.0000000","9999-12-31 23:59:59.9999990","2"
"350","549","株式会社高田商事","Wingtip Toys (Head Office)","Novelty Shop","Wingtip Toys","高田 順子","022-147","2022-01-01 00:00:00.0000000","9999-12-31 23:59:59.9999990","2"
"222","421","株式会社村上商事","Wingtip Toys (Head Office)","Novelty Shop","Wingtip Toys","村上 美保","035-8978","2022-01-01 00:00:00.0000000","9999-12-31 23:59:59.9999990","2"
"381","580","株式会社浅野商事","Wingtip Toys (Head Office)","Novelty Shop","Wingtip Toys","浅野 和彦","006-4464","2022-01-01 00:00:00.0000000","9999-12-31 23:59:59.9999990","2"
"310","509","株式会社加藤商事","Wingtip Toys (Head Office)","Novelty Shop","Wingtip Toys","加藤 さくら","029-8188","2022-01-01 00:00:00.0000000","9999-12-31 23:59:59.9999990","2"
"398","597","株式会社川村商事","Wingtip Toys (Head Office)","Novelty Shop","Wingtip Toys","川村 静香","023-3093","2022-01-01 00:00:00.0000000","9999-12-31 23:59:59.9999990","2"
"212","411","株式会社平野商事","Wingtip Toys (Head Office)","Novelty Shop","Wingtip Toys","平野 裕子","025-2115","2022-01-01 00:00:00.0000000","9999-12-31 23:59:59.9999990","2"
"388","587","株式会社内田商事","Wingtip Toys (Head Office)","Novelty Shop","Wingtip Toys","内田 由佳","013-3568","2022-01-01 00:00:00.0000000","9999-12-31 23:59:59.9999990","2"
"365","564","株式会社本田商事","Wingtip Toys (Head Office)","Novelty Shop","Wingtip Toys","本田 実","037-9649","2022-01-01 00:00:00.0000000","9999-12-31 23:59:59.9999990","2"
"347","546","株式会社柴田商事","Wingtip Toys (Head Office)","Novelty Shop","Wingtip Toys","柴田 達也","019-03046","2022-01-01 00:00:00.0000000","9999-12-31 23:59:59.9999990","2"
"362","561","株式会社平野商事","Wingtip Toys (Head Office)","Novelty Shop","Wingtip Toys","平野 裕子","034-4271","2022-01-01 00:00:00.0000000","9999-12-31 23:59:59.9999990","2"
"248","447","株式会社川村商事","Wingtip Toys (Head Office)","Novelty Shop","Wingtip Toys","川村 静香","014-8841","2022-01-01 00:00:00.0000000","9999-12-31 23:59:59.9999990","2"
"207","406","株式会社中山商事","Wingtip Toys (Head Office)","Novelty Shop","Wingtip Toys","中山 幸雄","020-9687","2022-01-01 00:00:00.0000000","9999-12-31 23:59:59.9999990","2"
"269","468","株式会社辻商事","Wingtip Toys (Head Office)","Novelty Shop","Wingtip Toys","辻 一男","035-4542","2022-01-01 00:00:00.0000000","9999-12-31 23:59:59.9999990","2"
"278","477","株式会社西山商事","Wingtip Toys (Head Office)","Novelty Shop","Wingtip Toys","西山 久恵","044-8169","2022-01-01 00:00:00.0000000","9999-12-31 23:59:59.9999990","2"
"376","575","株式会社吉川商事","Wingtip Toys (Head Office)","Novelty Shop","Wingtip Toys","吉川 悦子","001-7336","2022-01-01 00:00:00.0000000","9999-12-31 23:59:59.9999990","2"
"224","423","株式会社安田商事","Wingtip Toys (Head Office)","Novelty Shop","Wingtip Toys","安田 直子","037-954","2022-01-01 00:00:00.0000000","9999-12-31 23:59:59.9999990","2"
"208","407","株式会社西村商事","Wingtip Toys (Head Office)","Novelty Shop","Wingtip Toys","西村 美和","021-4788","2022-01-01 00:00:00.0000000","9999-12-31 23:59:59.9999990","2"
"217","416","株式会社増田商事","Wingtip Toys (Head Office)","Novelty Shop","Wingtip Toys","増田 英樹","030-5028","2022-01-01 00:00:00.0000000","9999-12-31 23:59:59.9999990","2"
"252","451","株式会社小松商事","Wingtip Toys (Head Office)","Novelty Shop","Wingtip Toys","小松 真理","018-391","2022-01-01 00:00:00.0000000","9999-12-31 23:59:59.9999990","2"
"340","539","株式会社北村商事","Wingtip Toys (Head Office)","Novelty Shop","Wingtip Toys","北村 麻衣","012-8911","2022-01-01 00:00:00.0000000","9999-12-31 23:59:59.9999990","2"
"395","594","株式会社小山商事","Wingtip Toys (Head Office)","Novelty Shop","Wingtip Toys","小山 光男","020-9417","2022-01-01 00:00:00.0000000","9999-12-31 23:59:59.9999990","2"
"314","513","株式会社山口商事","Wingtip Toys (Head Office)","Novelty Shop","Wingtip Toys","山口 愛美","033-2760","2022-01-01 00:00:00.0000000","9999-12-31 23:59:59.9999990","2"
"272","471","株式会社富田商事","Wingtip Toys (Head Office)","Novelty Shop","Wingtip Toys","富田 美鈴","038-1066","2022-01-01 00:00:00.0000000","9999-12-31 23:59:59.9999990","2"
"351","550","株式会社竹内商事","Wingtip Toys (Head Office)","Novelty Shop","Wingtip Toys","竹内 健二","023-4678","2022-01-01 00:00:00.0000000","9999-12-31 23:59:59.9999990","2"
"250","449","株式会社木下商事","Wingtip Toys (Head Office)","Novelty Shop","Wingtip Toys","木下 綾","016-3312","2022-01-01 00:00:00.0000000","9999-12-31 23:59:59.9999990","2"
"234","433","株式会社市川商事","Wingtip Toys (Head Office)","Novelty Shop","Wingtip Toys","市川 千代子","047-9129","2022-01-01 00:00:00.0000000","9999-12-31 23:59:59.9999990","2"
"231","430","株式会社浅野商事","Wingtip Toys (Head Office)","Novelty Shop","Wingtip Toys","浅野 和彦","044-7444","2022-01-01 00:00:00.0000000","9999-12-31 23:59:59.9999990","2"
"209","408","株式会社野村商事","Wingtip Toys (Head Office)","Novelty Shop","Wingtip Toys","野村 茂","022-5071","2022-01-01 00:00:00.0000000","9999-12-31 23:59:59.9999990","2"
"400","599","株式会社木下商事","Wingtip Toys (Head Office)","Novelty Shop","Wingtip Toys","木下 綾","025-9034","2022-01-01 00:00:00.0000000","9999-12-31 23:59:59.9999990","2"
"339","538","株式会社神田商事","Wingtip Toys (Head Office)","Novelty Shop","Wingtip Toys","神田 誠","011-7112","2022-01-01 00:00:00.0000000","9999-12-31 23:59:59.9999990","2"
"305","504","株式会社渡辺商事","Wingtip Toys (Head Office)","Novelty Shop","Wingtip Toys","渡辺 大輔","024-8119","2022-01-01 00:00:00.0000000","9999-12-31 23:59:59.9999990","2"
"331","530","株式会社阿部商事","Wingtip Toys (Head Office)","Novelty Shop","Wingtip Toys","阿部 雄大","003-846","2022-01-01 00:00:00.0000000","9999-12-31 23:59:59.9999990","2"
"315","514","株式会社松本商事","Wingtip Toys (Head Office)","Novelty Shop","Wingtip Toys","松本 隆","034-1606","2022-01-01 00:00:00.0000000","9999-12-31 23:59:59.9999990","2"
"358","557","株式会社西村商事","Wingtip Toys (Head Office)","Novelty Shop","Wingtip Toys","西村 美和","030-2608","2022-01-01 00:00:00.0000000","9999-12-31 23:59:59.9999990","2"
"402","601","株式会社小松商事","Wingtip Toys (Head Office)","Novelty Shop","Wingtip Toys","小松 真理","027-1239","2022-01-01 00:00:00.0000000","9999-12-31 23:59:59.9999990","2"
"300","499","株式会社水野商事","Wingtip Toys (Head Office)","Novelty Shop","Wingtip Toys","水野 克","019-7283","2022-01-01 00:00:00.0000000","9999-12-31 23:59:59.9999990","2"
"333","532","株式会社上田商事","Wingtip Toys (Head Office)","Novelty Shop","Wingtip Toys","上田 直樹","005-771","2022-01-01 00:00:00.0000000","9999-12-31 23:59:59.9999990","2"
"213","412","株式会社福田商事","Wingtip Toys (Head Office)","Novelty Shop","Wingtip Toys","福田 正男","026-9290","2022-01-01 00:00:00.0000000","9999-12-31 23:59:59.9999990","2"
"214","413","株式会社藤井商事","Wingtip Toys (Head Office)","Novelty Shop","Wingtip Toys","藤井 かおり","027-7561","2022-01-01 00:00:00.0000000","9999-12-31 23:59:59.9999990","2"
"304","503","株式会社高橋商事","Wingtip Toys (Head Office)","Novelty Shop","Wingtip Toys","高橋 美咲","023-1987","2022-01-01 00:00:00.0000000","9999-12-31 23:59:59.9999990","2"
"287","486","株式会社平田商事","Wingtip Toys (Head Office)","Novelty Shop","Wingtip Toys","平田 克己","006-1788","2022-01-01 00:00:00.0000000","9999-12-31 23:59:59.9999990","2"
"285","484","株式会社原商事","Wingtip Toys (Head Office)","Novelty Shop","Wingtip Toys","原 修二","004-778","2022-01-01 00:00:00.0000000","9999-12-31 23:59:59.9999990","2"
"229","428","株式会社青木商事","Wingtip Toys (Head Office)","Novelty Shop","Wingtip Toys","青木 章","042-7872","2022-01-01 00:00:00.0000000","9999-12-31 23:59:59.9999990","2"
"263","462","株式会社瀬戸商事","Wingtip Toys (Head Office)","Novelty Shop","Wingtip Toys","瀬戸 弘","029-6825","2022-01-01 00:00:00.0000000","9999-12-31 23:59:59.9999990","2"
"276","475","株式会社西川商事","Wingtip Toys (Head Office)","Novelty Shop","Wingtip Toys","西川 愛子","042-4712","2022-01-01 00:00:00.0000000","9999-12-31 23:59:59.9999990","2"
"354","553","株式会社中川商事","Wingtip Toys (Head Office)","Novelty Shop","Wingtip Toys","中川 智子","026-06355","2022-01-01 00:00:00.0000000","9999-12-31 23:59:59.9999990","2"
"226","425","株式会社吉川商事","Wingtip Toys (Head Office)","Novelty Shop","Wingtip Toys","吉川 悦子","039-0755","2022-01-01 00:00:00.0000000","9999-12-31 23:59:59.9999990","2"
"228","427","株式会社若林商事","Wingtip Toys (Head Office)","Novelty Shop","Wingtip Toys","若林 香織","041-2467","2022-01-01 00:00:00.0000000","9999-12-31 23:59:59.9999990","2"
"219","418","株式会社丸山商事","Wingtip Toys (Head Office)","Novelty Shop","Wingtip Toys","丸山 浩","032-7632","2022-01-01 00:00:00.0000000","9999-12-31 23:59:59.9999990","2"
"236","435","株式会社岩崎商事","Wingtip Toys (Head Office)","Novelty Shop","Wingtip Toys","岩崎 洋子","002-9975","2022-01-01 00:00:00.0000000","9999-12-31 23:59:59.9999990","2"
"243","442","株式会社荻野商事","Wingtip Toys (Head Office)","Novelty Shop","Wingtip Toys","荻野 隆","009-5911","2022-01-01 00:00:00.0000000","9999-12-31 23:59:59.9999990","2"
"273","472","株式会社豊田商事","Wingtip Toys (Head Office)","Novelty Shop","Wingtip Toys","豊田 敏雄","039-7927","2022-01-01 00:00:00.0000000","9999-12-31 23:59:59.9999990","2"
"289","488","株式会社福永商事","Wingtip Toys (Head Office)","Novelty Shop","Wingtip Toys","福永 良雄","008-85","2022-01-01 00:00:00.0000000","9999-12-31 23:59:59.9999990","2"
"307","506","株式会社山本商事","Wingtip Toys (Head Office)","Novelty Shop","Wingtip Toys","山本 翔太","026-3333","2022-01-01 00:00:00.0000000","9999-12-31 23:59:59.9999990","2"
"334","533","株式会社遠藤商事","Wingtip Toys (Head Office)","Novelty Shop","Wingtip Toys","遠藤 真由美","006-5164","2022-01-01 00:00:00.0000000","9999-12-31 23:59:59.9999990","2"
"386","585","株式会社岩崎商事","Wingtip Toys (Head Office)","Novelty Shop","Wingtip Toys","岩崎 洋子","011-5720","2022-01-01 00:00:00.0000000","9999-12-31 23:59:59.9999990","2"
"299","498","株式会社松山商事","Wingtip Toys (Head Office)","Novelty Shop","Wingtip Toys","松山 佳奈","018-4371","2022-01-01 00:00:00.0000000","9999-12-31 23:59:59.9999990","2"
"346","545","株式会社佐野商事","Wingtip Toys (Head Office)","Novelty Shop","Wingtip Toys","佐野 千春","018-5124","2022-01-01 00:00:00.0000000","9999-12-31 23:59:59.9999990","2"
"246","445","株式会社金子商事","Wingtip Toys (Head Office)","Novelty Shop","Wingtip Toys","金子 春子","012-4970","2022-01-01 00:00:00.0000000","9999-12-31 23:59:59.9999990","2"
"253","452","株式会社斉藤商事","Wingtip Toys (Head Office)","Novelty Shop","Wingtip Toys","斉藤 昌彦","019-3863","2022-01-01 00:00:00.0000000","9999-12-31 23:59:59.9999990","2"
"227","426","株式会社米田商事","Wingtip Toys (Head Office)","Novelty Shop","Wingtip Toys","米田 哲也","040-3563","2022-01-01 00:00:00.0000000","9999-12-31 23:59:59.9999990","2"
"359","558","株式会社野村商事","Wingtip Toys (Head Office)","Novelty Shop","Wingtip Toys","野村 茂","031-8698","2022-01-01 00:00:00.0000000","9999-12-31 23:59:59.9999990","2"
"327","526","株式会社藤田商事","Wingtip Toys (Head Office)","Novelty Shop","Wingtip Toys","藤田 翼","046-8585","2022-01-01 00:00:00.0000000","9999-12-31 23:59:59.9999990","2"
"366","565","株式会社前川商事","Wingtip Toys (Head Office)","Novelty Shop","Wingtip Toys","前川 久美子","038-6512","2022-01-01 00:00:00.0000000","9999-12-31 23:59:59.9999990","2"
"389","588","株式会社江口商事","Wingtip Toys (Head Office)","Novelty Shop","Wingtip Toys","江口 正","014-9709","2022-01-01 00:00:00.0000000","9999-12-31 23:59:59.9999990","2"
"336","535","株式会社小川商事","Wingtip Toys (Head Office)","Novelty Shop","Wingtip Toys","小川 奈々","008-2022","2022-01-01 00:00:00.0000000","9999-12-31 23:59:59.9999990","2"
"295","494","株式会社本間商事","Wingtip Toys (Head Office)","Novelty Shop","Wingtip Toys","本間 健一","014-3636","2022-01-01 00:00:00.0000000","9999-12-31 23:59:59.9999990","2"
"379","578","株式会社青木商事","Wingtip Toys (Head Office)","Novelty Shop","Wingtip Toys","青木 章","004-2546","2022-01-01 00:00:00.0000000","9999-12-31 23:59:59.9999990","2"
"345","544","株式会社坂本商事","Wingtip Toys (Head Office)","Novelty Shop","Wingtip Toys","坂本 正人","017-1524","2022-01-01 00:00:00.0000000","9999-12-31 23:59:59.9999990","2"
"324","523","株式会社山崎商事","Wingtip Toys (Head Office)","Novelty Shop","Wingtip Toys","山崎 夏美","043-3623","2022-01-01 00:00:00.0000000","9999-12-31 23:59:59.9999990","2"
"258","457","株式会社芝田商事","Wingtip Toys (Head Office)","Novelty Shop","Wingtip Toys","芝田 久子","024-8116","2022-01-01 00:00:00.0000000","9999-12-31 23:59:59.9999990","2"
"288","487","株式会社福島商事","Wingtip Toys (Head Office)","Novelty Shop","Wingtip Toys","福島 恵理子","007-560","2022-01-01 00:00:00.0000000","9999-12-31 23:59:59.9999990","2"
"297","496","株式会社松井商事","Wingtip Toys (Head Office)","Novelty Shop","Wingtip Toys","松井 絵美","016-8915","2022-01-01 00:00:00.0000000","9999-12-31 23:59:59.9999990","2"
"302","501","株式会社鈴木商事","Wingtip Toys (Head Office)","Novelty Shop","Wingtip Toys","鈴木 花子","021-1927","2022-01-01 00:00:00.0000000","9999-12-31 23:59:59.9999990","2"
"360","559","株式会社原田商事","Wingtip Toys (Head Office)","Novelty Shop","Wingtip Toys","原田 恵","032-5222","2022-01-01 00:00:00.0000000","9999-12-31 23:59:59.9999990","2"
"239","438","株式会社江口商事","Wingtip Toys (Head Office)","Novelty Shop","Wingtip Toys","江口 正","005-1940","2022-01-01 00:00:00.0000000","9999-12-31 23:59:59.9999990","2"
"306","505","株式会社伊藤商事","Wingtip Toys (Head Office)","Novelty Shop","Wingtip Toys","伊藤 愛","025-05845","2022-01-01 00:00:00.0000000","9999-12-31 23:59:59.9999990","2"
"320","519","株式会社清水商事","Wingtip Toys (Head Office)","Novelty Shop","Wingtip Toys","清水 莉子","039-6620","2022-01-01 00:00:00.0000000","9999-12-31 23:59:59.9999990","2"
"397","596","株式会社川口商事","Wingtip Toys (Head Office)","Novelty Shop","Wingtip Toys","川口 豊","022-3709","2022-01-01 00:00:00.0000000","9999-12-31 23:59:59.9999990","2"
"367","566","株式会社増田商事","Wingtip Toys (Head Office)","Novelty Shop","Wingtip Toys","増田 英樹","039-2281","2022-01-01 00:00:00.0000000","9999-12-31 23:59:59.9999990","2"
"237","436","株式会社上野商事","Wingtip Toys (Head Office)","Novelty Shop","Wingtip Toys","上野 康夫","003-7348","2022-01-01 00:00:00.0000000","9999-12-31 23:59:59.9999990","2"
"286","485","株式会社樋口商事","Wingtip Toys (Head Office)","Novelty Shop","Wingtip Toys","樋口 圭子","005-7494","2022-01-01 00:00:00.0000000","9999-12-31 23:59:59.9999990","2"
"394","593","株式会社奥村商事","Wingtip Toys (Head Office)","Novelty Shop","Wingtip Toys","奥村 幸代","019-8934","2022-01-01 00:00:00.0000000","9999-12-31 23:59:59.9999990","2"
"281","480","株式会社服部商事","Wingtip Toys (Head Office)","Novelty Shop","Wingtip Toys","服部 信夫","047-8341","2022-01-01 00:00:00.0000000","9999-12-31 23:59:59.9999990","2"
"326","525","株式会社前田商事","Wingtip Toys (Head Office)","Novelty Shop","Wingtip Toys","前田 真央","045-7679","2022-01-01 00:00:00.0000000","9999-12-31 23:59:59.9999990","2"
"0","0","Unknown","N/A","N/A","N/A","N/A","N/A","2022-01-01 00:00:00.0000000","9999-12-31 23:59:59.9999990","0"
